{
    "identityPoolName": "vision_identitypool_6f367cf4",
    "allowUnauthenticatedIdentities": false,
    "resourceNameTruncated": "vision6f367cf4",
    "userPoolName": "vision_userpool_6f367cf4",
    "autoVerifiedAttributes": [
        "email"
    ],
    "mfaConfiguration": "OFF",
    "mfaTypes": [
        "SMS Text Message"
    ],
    "smsAuthenticationMessage": "Your authentication code is {####}",
    "smsVerificationMessage": "Your verification code is {####}",
    "emailVerificationSubject": "Your verification code",
    "emailVerificationMessage": "Your verification code is {####}",
    "defaultPasswordPolicy": false,
    "passwordPolicyMinLength": 8,
    "passwordPolicyCharacters": [],
    "requiredAttributes": [
        "email"
    ],
    "aliasAttributes": [],
    "userpoolClientGenerateSecret": false,
    "userpoolClientRefreshTokenValidity": 30,
    "userpoolClientWriteAttributes": [
        "email"
    ],
    "userpoolClientReadAttributes": [
        "email"
    ],
    "userpoolClientLambdaRole": "vision6f367cf4_userpoolclient_lambda_role",
    "userpoolClientSetAttributes": false,
    "authSelections": "identityPoolAndUserPool",
    "resourceName": "cognito6f367cf4",
    "sharedId": "6f367cf4",
    "authRoleArn": {
        "Fn::GetAtt": [
            "AuthRole",
            "Arn"
        ]
    },
    "unauthRoleArn": {
        "Fn::GetAtt": [
            "UnauthRole",
            "Arn"
        ]
    },
    "hostedUI": true,
    "useDefault": "defaultSocial",
    "hostedUIDomainName": "vision7640a5ac-7640a5ac",
    "authProvidersUserPool": [
        "Google"
    ],
    "hostedUIProviderMeta": "[{\"ProviderName\":\"Google\",\"authorize_scopes\":\"openid email profile\",\"AttributeMapping\":{\"email\":\"email\",\"username\":\"sub\"}}]",
    "userPoolGroupList": [],
    "serviceName": "Cognito",
    "dependsOn": [],
    "authProviders": [],
    "oAuthMetadata": "{\"AllowedOAuthFlows\":[\"code\"],\"AllowedOAuthScopes\":[\"phone\",\"email\",\"openid\",\"profile\",\"aws.cognito.signin.user.admin\"],\"CallbackURLs\":[\"https://master.d2ad3ugmq3rllx.amplifyapp.com/\"],\"LogoutURLs\":[\"https://master.d2ad3ugmq3rllx.amplifyapp.com/\"]}"
}