{
    "paths": [
        {
            "name": "/users",
            "lambdaFunction": "userlambdafunc",
            "privacy": {
                "private": true,
                "auth": [
                    "/POST",
                    "/GET",
                    "/PUT",
                    "/PATCH",
                    "/DELETE"
                ]
            },
            "policyResourceName": "/users"
        }
    ],
    "resourceName": "visionapi",
    "apiName": "visionapi",
    "functionArns": [
        {
            "lambdaFunction": "userlambdafunc"
        }
    ],
    "privacy": {
        "auth": 1,
        "unauth": 0,
        "authRoleName": "amplify-vision-prod-223837-authRole",
        "unAuthRoleName": "amplify-vision-prod-223837-unauthRole"
    },
    "dependsOn": [
        {
            "category": "function",
            "resourceName": "userlambdafunc",
            "attributes": [
                "Name",
                "Arn"
            ]
        }
    ],
    "uuid": "c8b10ab0"
}