{
  "providers": {
    "awscloudformation": {
      "AuthRoleName": "amplify-vision-prod-223837-authRole",
      "UnauthRoleArn": "arn:aws:iam::662210299133:role/amplify-vision-prod-223837-unauthRole",
      "AuthRoleArn": "arn:aws:iam::662210299133:role/amplify-vision-prod-223837-authRole",
      "Region": "us-east-1",
      "DeploymentBucketName": "amplify-vision-prod-223837-deployment",
      "UnauthRoleName": "amplify-vision-prod-223837-unauthRole",
      "StackName": "amplify-vision-prod-223837",
      "StackId": "arn:aws:cloudformation:us-east-1:662210299133:stack/amplify-vision-prod-223837/6349f510-2d69-11ec-9232-120baac28e1f",
      "AmplifyAppId": "d2ad3ugmq3rllx",
      "APIGatewayAuthURL": "https://s3.amazonaws.com/amplify-vision-prod-223837-deployment/amplify-cfn-templates/api/APIGatewayAuthStack.json"
    }
  },
  "storage": {
    "visiontable": {
      "service": "DynamoDB",
      "providerPlugin": "awscloudformation",
      "output": {
        "PartitionKeyName": "user",
        "Region": "us-east-1",
        "Arn": "arn:aws:dynamodb:us-east-1:662210299133:table/visiontable-prod",
        "StreamArn": "arn:aws:dynamodb:us-east-1:662210299133:table/visiontable-prod/stream/2021-10-15T07:57:09.327",
        "PartitionKeyType": "S",
        "Name": "visiontable-prod"
      },
      "lastPushTimeStamp": "2021-10-31T00:15:08.993Z",
      "providerMetadata": {
        "s3TemplateURL": "https://s3.amazonaws.com/amplify-vision-prod-223837-deployment/amplify-cfn-templates/storage/visiontable-cloudformation-template.json",
        "logicalId": "storagevisiontable"
      },
      "lastPushDirHash": "GsdFIHxLdxBCffBLZ7MrNIfsVzI="
    }
  },
  "function": {
    "userlambdafunc": {
      "build": true,
      "providerPlugin": "awscloudformation",
      "service": "Lambda",
      "dependsOn": [
        {
          "category": "storage",
          "resourceName": "visiontable",
          "attributes": [
            "Name",
            "Arn"
          ],
          "attributeEnvMap": {
            "Name": "TABLE_NAME",
            "Arn": "TABLE_ARN"
          }
        }
      ],
      "output": {
        "Region": "us-east-1",
        "Arn": "arn:aws:lambda:us-east-1:662210299133:function:userlambdafunc-prod",
        "Name": "userlambdafunc-prod",
        "LambdaExecutionRole": "visionLambdaRole64e32ca1-prod"
      },
      "lastPushTimeStamp": "2021-10-31T00:15:08.993Z",
      "providerMetadata": {
        "s3TemplateURL": "https://s3.amazonaws.com/amplify-vision-prod-223837-deployment/amplify-cfn-templates/function/userlambdafunc-cloudformation-template.json",
        "logicalId": "functionuserlambdafunc"
      },
      "s3Bucket": {
        "deploymentBucketName": "amplify-vision-prod-223837-deployment",
        "s3Key": "amplify-builds/userlambdafunc-63504b4b51356e364c65-build.zip"
      },
      "lastBuildTimeStamp": "2021-10-31T00:14:04.740Z",
      "lastBuildType": "PROD",
      "lastPackageTimeStamp": "2021-10-31T00:14:07.395Z",
      "distZipFilename": "userlambdafunc-63504b4b51356e364c65-build.zip",
      "lastPushDirHash": "R0tSjlrkUMUlFVYL9emcpYf1Qfk="
    }
  },
  "auth": {
    "cognito6f367cf4": {
      "service": "Cognito",
      "serviceType": "managed",
      "providerPlugin": "awscloudformation",
      "frontendAuthConfig": {
        "loginMechanisms": [
          "PREFERRED_USERNAME"
        ],
        "signupAttributes": [
          "EMAIL"
        ],
        "passwordProtectionSettings": {
          "passwordPolicyMinLength": 8,
          "passwordPolicyCharacters": []
        },
        "mfaConfiguration": "OFF",
        "mfaTypes": [
          "SMS"
        ],
        "verificationMechanisms": [
          "EMAIL"
        ]
      },
      "dependsOn": [],
      "output": {
        "UserPoolId": "us-east-1_h09OntUU4",
        "AppClientIDWeb": "6g5028nhsqhr48jq8ntrbc6jrp",
        "AppClientID": "53e0d9n00krl0r00e2pj38i0bf",
        "HostedUIDomain": "vision7640a5ac-7640a5ac-prod",
        "IdentityPoolId": "us-east-1:017de05e-47dc-4fd7-a2dc-8e9336b94426",
        "UserPoolArn": "arn:aws:cognito-idp:us-east-1:662210299133:userpool/us-east-1_h09OntUU4",
        "IdentityPoolName": "vision_identitypool_6f367cf4__prod",
        "OAuthMetadata": "{\"AllowedOAuthFlows\":[\"code\"],\"AllowedOAuthScopes\":[\"phone\",\"email\",\"openid\",\"profile\",\"aws.cognito.signin.user.admin\"],\"CallbackURLs\":[\"https://master.d2ad3ugmq3rllx.amplifyapp.com/\"],\"LogoutURLs\":[\"https://master.d2ad3ugmq3rllx.amplifyapp.com/\"]}",
        "UserPoolName": "vision_userpool_6f367cf4"
      },
      "lastPushTimeStamp": "2021-10-31T00:15:08.993Z",
      "providerMetadata": {
        "s3TemplateURL": "https://s3.amazonaws.com/amplify-vision-prod-223837-deployment/amplify-cfn-templates/auth/cognito6f367cf4-cloudformation-template.yml",
        "logicalId": "authcognito6f367cf4"
      },
      "lastPushDirHash": "Mtqpcwv5qH3vIhYq5QExLm8I9bA="
    }
  },
  "api": {
    "visionapi": {
      "service": "API Gateway",
      "providerPlugin": "awscloudformation",
      "dependsOn": [
        {
          "category": "function",
          "resourceName": "userlambdafunc",
          "attributes": [
            "Name",
            "Arn"
          ]
        }
      ],
      "output": {
        "ApiName": "visionapi",
        "RootUrl": "https://idwa30khwj.execute-api.us-east-1.amazonaws.com/prod",
        "ApiId": "idwa30khwj"
      },
      "lastPushTimeStamp": "2021-10-31T00:15:08.993Z",
      "providerMetadata": {
        "s3TemplateURL": "https://s3.amazonaws.com/amplify-vision-prod-223837-deployment/amplify-cfn-templates/api/visionapi-cloudformation-template.json",
        "logicalId": "apivisionapi"
      },
      "lastPushDirHash": "MCqxHEiAGtTGW7+ZTPZIs0Bqd9U="
    }
  }
}