{
  "storage": {
    "visiontable": {
      "service": "DynamoDB",
      "providerPlugin": "awscloudformation"
    }
  },
  "function": {
    "userlambdafunc": {
      "build": true,
      "providerPlugin": "awscloudformation",
      "service": "Lambda",
      "dependsOn": [
        {
          "category": "storage",
          "resourceName": "visiontable",
          "attributes": [
            "Name",
            "Arn"
          ],
          "attributeEnvMap": {
            "Name": "TABLE_NAME",
            "Arn": "TABLE_ARN"
          }
        }
      ]
    }
  },
  "auth": {
    "cognito6f367cf4": {
      "service": "Cognito",
      "serviceType": "managed",
      "providerPlugin": "awscloudformation",
      "frontendAuthConfig": {
        "loginMechanisms": [
          "PREFERRED_USERNAME"
        ],
        "signupAttributes": [
          "EMAIL"
        ],
        "passwordProtectionSettings": {
          "passwordPolicyMinLength": 8,
          "passwordPolicyCharacters": []
        },
        "mfaConfiguration": "OFF",
        "mfaTypes": [
          "SMS"
        ],
        "verificationMechanisms": [
          "EMAIL"
        ]
      },
      "dependsOn": []
    }
  },
  "api": {
    "visionapi": {
      "service": "API Gateway",
      "providerPlugin": "awscloudformation",
      "dependsOn": [
        {
          "category": "function",
          "resourceName": "userlambdafunc",
          "attributes": [
            "Name",
            "Arn"
          ]
        }
      ]
    }
  }
}